<?xml version="1.0"?>
<metadata xml:lang="pl"><Esri><CreaDate>20240204</CreaDate><CreaTime>00353700</CreaTime><ArcGISFormat>1.0</ArcGISFormat><SyncOnce>TRUE</SyncOnce><ModDate>20240204</ModDate><ModTime>11171600</ModTime><scaleRange><minScale>150000000</minScale><maxScale>5000</maxScale></scaleRange><ArcGISProfile>ItemDescription</ArcGISProfile></Esri><tool name="Tool" displayname="Gomer by Daniel Buchar" toolboxalias="DanielBuchar" xmlns=""><arcToolboxHelpPath>c:\users\buchadan\appdata\local\programs\arcgis\pro\Resources\Help\gp</arcToolboxHelpPath><parameters><param name="plik_wejsciowy" displayname="Plik wejściowy (point)" type="Required" direction="Input" datatype="Feature Class" expression="plik_wejsciowy"/><param name="is_5class" displayname="Dopisanie dla rasterów 5-klasowe" type="Optional" direction="Input" datatype="Boolean" expression="{is_5class}"><dialogReference>&lt;DIV STYLE="text-align:Left;"&gt;&lt;DIV&gt;&lt;DIV&gt;&lt;P&gt;&lt;SPAN&gt;Zaznacz tę opcję, jeśli chcesz przetwarzać rastery 5-klasowe.&lt;/SPAN&gt;&lt;/P&gt;&lt;/DIV&gt;&lt;/DIV&gt;&lt;/DIV&gt;</dialogReference></param><param name="is_2class" displayname="Dopisanie dla rasterów inout" type="Optional" direction="Input" datatype="Boolean" expression="{is_2class}"><dialogReference>&lt;DIV STYLE="text-align:Left;"&gt;&lt;DIV&gt;&lt;DIV&gt;&lt;P&gt;&lt;SPAN&gt;Zaznacz tę opcję, jeśli chcesz przetwarzać rastery 2-klasowe.&lt;/SPAN&gt;&lt;/P&gt;&lt;/DIV&gt;&lt;/DIV&gt;&lt;DIV&gt;&lt;P&gt;&lt;SPAN /&gt;&lt;/P&gt;&lt;/DIV&gt;&lt;/DIV&gt;</dialogReference></param><param name="Zasieg_GSM" displayname="Zasieg_GSM" type="Optional" direction="Input" datatype="Raster Layer" expression="{Zasieg_GSM}"/><param name="Zasieg_UMTS_900" displayname="Zasieg_UMTS_900" type="Optional" direction="Input" datatype="Raster Layer" expression="{Zasieg_UMTS_900}"/><param name="Zasieg_UMTS_2100" displayname="Zasieg_UMTS_2100" type="Optional" direction="Input" datatype="Raster Layer" expression="{Zasieg_UMTS_2100}"/><param name="Zasieg_LTE_800" displayname="Zasieg_LTE_800" type="Optional" direction="Input" datatype="Raster Layer" expression="{Zasieg_LTE_800}"/><param name="Zasieg_LTE_900" displayname="Zasieg_LTE_900" type="Optional" direction="Input" datatype="Raster Layer" expression="{Zasieg_LTE_900}"/><param name="Zasieg_LTE_1800" displayname="Zasieg_LTE_1800" type="Optional" direction="Input" datatype="Raster Layer" expression="{Zasieg_LTE_1800}"/><param name="Zasieg_LTE_2100" displayname="Zasieg_LTE_2100" type="Optional" direction="Input" datatype="Raster Layer" expression="{Zasieg_LTE_2100}"/><param name="Zasieg_LTE_2600" displayname="Zasieg_LTE_2600" type="Optional" direction="Input" datatype="Raster Layer" expression="{Zasieg_LTE_2600}"/><param name="Zasieg_5G_2100_DSS" displayname="Zasieg_5G_2100_DSS" type="Optional" direction="Input" datatype="Raster Layer" expression="{Zasieg_5G_2100_DSS}"/><param name="Zasieg_5G_3600" displayname="Zasieg_5G_3600" type="Optional" direction="Input" datatype="Raster Layer" expression="{Zasieg_5G_3600}"/><param name="Geobaza domyślna ustawiona samodzielnie (do zapisu Spatial Join)" displayname="Geobaza domyślna ustawiona samodzielnie (do zapisu Spatial Join)" type="Optional" direction="Input" datatype="Workspace" expression="{Geobaza domyślna ustawiona samodzielnie (do zapisu Spatial Join)}"/><param name="Komorki_GSM" displayname="Komorki_GSM" type="Optional" direction="Input" datatype="Feature Layer" expression="{Komorki_GSM}"/><param name="Komorki_UMTS_900" displayname="Komorki_UMTS_900" type="Optional" direction="Input" datatype="Feature Layer" expression="{Komorki_UMTS_900}"/><param name="Komorki_UMTS_2100" displayname="Komorki_UMTS_2100" type="Optional" direction="Input" datatype="Feature Layer" expression="{Komorki_UMTS_2100}"/><param name="Komorki_LTE_800" displayname="Komorki_LTE_800" type="Optional" direction="Input" datatype="Feature Layer" expression="{Komorki_LTE_800}"/><param name="Komorki_LTE_900" displayname="Komorki_LTE_900" type="Optional" direction="Input" datatype="Feature Layer" expression="{Komorki_LTE_900}"/><param name="Komorki_LTE_1800" displayname="Komorki_LTE_1800" type="Optional" direction="Input" datatype="Feature Layer" expression="{Komorki_LTE_1800}"/><param name="Komorki_LTE_2100" displayname="Komorki_LTE_2100" type="Optional" direction="Input" datatype="Feature Layer" expression="{Komorki_LTE_2100}"/><param name="Komorki_LTE_2600" displayname="Komorki_LTE_2600" type="Optional" direction="Input" datatype="Feature Layer" expression="{Komorki_LTE_2600}"/><param name="Komorki_5G_2100_DSS" displayname="Komorki_5G_2100_DSS" type="Optional" direction="Input" datatype="Feature Layer" expression="{Komorki_5G_2100_DSS}"/><param name="Komorki_5G_3600" displayname="Komorki_5G_3600" type="Optional" direction="Input" datatype="Feature Layer" expression="{Komorki_5G_3600}"/></parameters></tool><dataIdInfo><idCitation><resTitle>Gomer by Daniel Buchar</resTitle></idCitation><searchKeys><keyword>Daniel Buchar</keyword></searchKeys></dataIdInfo><distInfo><distributor><distorFormat><formatName>ArcToolbox Tool</formatName></distorFormat></distributor></distInfo><mdHrLv><ScopeCd value="005"/></mdHrLv><mdDateSt Sync="TRUE">20240204</mdDateSt></metadata>
