<?xml version="1.0" encoding="UTF-8"?>
<metadata xml:lang="pl"><Esri><CreaDate>20240402</CreaDate><CreaTime>21594400</CreaTime><ArcGISFormat>1.0</ArcGISFormat><SyncOnce>TRUE</SyncOnce><ModDate>20240404</ModDate><ModTime>153442</ModTime></Esri><toolbox name="26b_Braki_02_04_2024_script_tool." alias="toolbox"><arcToolboxHelpPath>c:\program files\arcgis\pro\Resources\Help\gp</arcToolboxHelpPath><toolsets/></toolbox><dataIdInfo><idCitation><resTitle>26b_Braki_02_04_2024_script_tool.</resTitle></idCitation></dataIdInfo><distInfo><distributor><distorFormat><formatName>ArcToolbox Toolbox</formatName></distorFormat></distributor></distInfo></metadata>
